United States,2020-01-22,1,332915074,3.0037690633377566e-07
United States,2020-01-23,1,332915074,3.0037690633377566e-07
United States,2020-01-24,2,332915074,6.007538126675513e-07
United States,2020-01-25,2,332915074,6.007538126675513e-07
United States,2020-01-26,5,332915074,1.5018845316688785e-06
United States,2020-01-27,5,332915074,1.5018845316688785e-06
United States,2020-01-28,5,332915074,1.5018845316688785e-06
United States,2020-01-29,6,332915074,1.8022614380026541e-06
United States,2020-01-30,6,332915074,1.8022614380026541e-06
United States,2020-01-31,8,332915074,2.4030152506702052e-06
United States,2020-02-01,8,332915074,2.4030152506702052e-06
United States,2020-02-02,8,332915074,2.4030152506702052e-06
United States,2020-02-03,11,332915074,3.3041459696715324e-06
United States,2020-02-04,11,332915074,3.3041459696715324e-06
United States,2020-02-05,11,332915074,3.3041459696715324e-06
United States,2020-02-06,12,332915074,3.6045228760053083e-06
United States,2020-02-07,12,332915074,3.6045228760053083e-06
United States,2020-02-08,12,332915074,3.6045228760053083e-06
United States,2020-02-09,12,332915074,3.6045228760053083e-06
United States,2020-02-10,12,332915074,3.6045228760053083e-06
United States,2020-02-11,13,332915074,3.904899782339084e-06
United States,2020-02-12,13,332915074,3.904899782339084e-06
United States,2020-02-13,14,332915074,4.20527668867286e-06
United States,2020-02-14,14,332915074,4.20527668867286e-06
United States,2020-02-15,14,332915074,4.20527668867286e-06
United States,2020-02-16,14,332915074,4.20527668867286e-06
United States,2020-02-17,14,332915074,4.20527668867286e-06
United States,2020-02-18,14,332915074,4.20527668867286e-06
United States,2020-02-19,14,332915074,4.20527668867286e-06
United States,2020-02-20,14,332915074,4.20527668867286e-06
United States,2020-02-21,16,332915074,4.8060305013404105e-06
United States,2020-02-22,16,332915074,4.8060305013404105e-06
United States,2020-02-23,16,332915074,4.8060305013404105e-06
United States,2020-02-24,16,332915074,4.8060305013404105e-06
United States,2020-02-25,16,332915074,4.8060305013404105e-06
United States,2020-02-26,16,332915074,4.8060305013404105e-06
United States,2020-02-27,17,332915074,5.106407407674186e-06
United States,2020-02-28,17,332915074,5.106407407674186e-06
United States,2020-02-29,25,332915074,7.509422658344393e-06
United States,2020-03-01,32,332915074,9.612061002680821e-06
United States,2020-03-02,55,332915074,1.652072984835766e-05
United States,2020-03-03,74,332915074,2.22278910686994e-05
United States,2020-03-04,107,332915074,3.2140328977714e-05
United States,2020-03-05,184,332915074,5.526935076541472e-05
United States,2020-03-06,237,332915074,7.118932680110483e-05
United States,2020-03-07,403,332915074,0.0001210518932525116
United States,2020-03-08,519,332915074,0.00015589561438722957
United States,2020-03-09,594,332915074,0.00017842388236226275
United States,2020-03-10,782,332915074,0.0002348947407530126
United States,2020-03-11,1147,332915074,0.0003445323115648407
United States,2020-03-12,1586,332915074,0.00047639777344536823
United States,2020-03-13,2219,332915074,0.0006665363551546482
United States,2020-03-14,2978,332915074,0.000894522427061984
United States,2020-03-15,3212,332915074,0.0009648106231440875
United States,2020-03-16,4679,332915074,0.0014054635447357364
United States,2020-03-17,6512,332915074,0.001956054414045547
United States,2020-03-18,9169,332915074,0.002754155854174389
United States,2020-03-19,13663,332915074,0.004104049671238377
United States,2020-03-20,20030,332915074,0.006016549433865526
United States,2020-03-21,26025,332915074,0.007817308987336513
United States,2020-03-22,34944,332915074,0.010496370614927458
United States,2020-03-23,46096,332915074,0.013846173874361723
United States,2020-03-24,56714,332915074,0.017035575865813755
United States,2020-03-25,68841,332915074,0.02067824660892345
United States,2020-03-26,86662,332915074,0.026031263456697668
United States,2020-03-27,105253,332915074,0.03161557052234889
United States,2020-03-28,127417,332915074,0.038273124274330696
United States,2020-03-29,143544,332915074,0.043117302642775496
United States,2020-03-30,165698,332915074,0.04977185262569396
United States,2020-03-31,192079,332915074,0.057696095791685297
United States,2020-04-01,223541,332915074,0.06714655401875855
United States,2020-04-02,255630,332915074,0.07678534856610308
United States,2020-04-03,287834,332915074,0.08645868645767599
United States,2020-04-04,319725,332915074,0.09603800637756643
United States,2020-04-05,348967,332915074,0.1048216278725787
United States,2020-04-06,380696,332915074,0.11435228673364306
United States,2020-04-07,410761,332915074,0.12338311842256804
United States,2020-04-08,441839,332915074,0.1327182319176091
United States,2020-04-09,477450,332915074,0.1434149539290612
United States,2020-04-10,511789,332915074,0.15372959651565674
United States,2020-04-11,540662,332915074,0.16240237893223183
United States,2020-04-12,567113,332915074,0.17034764848166653
United States,2020-04-13,594155,332915074,0.1784704407827445
United States,2020-04-14,622505,332915074,0.18698612607730702
United States,2020-04-15,648135,332915074,0.1946847861866417
United States,2020-04-16,677804,332915074,0.20359666862065848
United States,2020-04-17,710599,332915074,0.21344752926387467
United States,2020-04-18,738160,332915074,0.22172621717933988
United States,2020-04-19,763801,332915074,0.2294281814346442
United States,2020-04-20,793827,332915074,0.23844729842422216
United States,2020-04-21,819754,332915074,0.24623517047473795
United States,2020-04-22,849140,332915074,0.25506204624426226
United States,2020-04-23,881517,332915074,0.264787349340631
United States,2020-04-24,913459,332915074,0.2743819884827444
United States,2020-04-25,944524,332915074,0.28371319707800313
United States,2020-04-26,970664,332915074,0.291565049409568
United States,2020-04-27,995293,332915074,0.29896303223566256
United States,2020-04-28,1019734,332915074,0.3063045442033664
United States,2020-04-29,1046339,332915074,0.31429607179637653
United States,2020-04-30,1075402,332915074,0.32302592582515505
United States,2020-05-01,1110675,332915074,0.33362112044226633
United States,2020-05-02,1137980,332915074,0.34182291186971003
United States,2020-05-03,1161863,332915074,0.3489968135236796
United States,2020-05-04,1185743,332915074,0.3561698140469302
United States,2020-05-05,1209676,332915074,0.3633587345462164
United States,2020-05-06,1234155,332915074,0.3707116608363609
United States,2020-05-07,1261655,332915074,0.37897202576053973
United States,2020-05-08,1289002,332915074,0.38718643301804956
United States,2020-05-09,1313552,332915074,0.39456068606854366
United States,2020-05-10,1332269,332915074,0.40018284062439297
United States,2020-05-11,1351328,332915074,0.4059077240822084
United States,2020-05-12,1374559,332915074,0.4128857799932484
United States,2020-05-13,1394522,332915074,0.4188822041743896
United States,2020-05-14,1420494,332915074,0.4266835931856903
United States,2020-05-15,1445375,332915074,0.434157270992181
United States,2020-05-16,1469503,332915074,0.4414047649882024
United States,2020-05-17,1487877,332915074,0.44692389026517915
United States,2020-05-18,1510467,332915074,0.4537094045792591
United States,2020-05-19,1531018,332915074,0.4598824503813246
United States,2020-05-20,1553587,332915074,0.4666616567803716
United States,2020-05-21,1578968,332915074,0.47428552304002913
United States,2020-05-22,1602882,332915074,0.48146873637809506
United States,2020-05-23,1623038,332915074,0.4875231333021586
United States,2020-05-24,1643220,332915074,0.4935853400257869
United States,2020-05-25,1662141,332915074,0.4992687714705283
United States,2020-05-26,1680821,332915074,0.5048798120808432
United States,2020-05-27,1699735,332915074,0.5105611408872403
United States,2020-05-28,1720803,332915074,0.5168894815498801
United States,2020-05-29,1746044,332915074,0.524471295042651
United States,2020-05-30,1769182,332915074,0.5314214159014019
United States,2020-05-31,1787470,332915074,0.536914708764434
United States,2020-06-01,1804734,332915074,0.5421004156753804
United States,2020-06-02,1825944,332915074,0.5484714098587198
United States,2020-06-03,1845243,332915074,0.5542683837740553
United States,2020-06-04,1873294,332915074,0.562694256373624
United States,2020-06-05,1899664,332915074,0.5706151953936456
United States,2020-06-06,1920004,332915074,0.5767248616684747
United States,2020-06-07,1937746,332915074,0.5820541487406485
United States,2020-06-08,1954668,332915074,0.5871371267496287
United States,2020-06-09,1974955,332915074,0.593230873048422
United States,2020-06-10,1996604,332915074,0.5997337326936418
United States,2020-06-11,2018683,332915074,0.6063657544085853
United States,2020-06-12,2044469,332915074,0.614111273315308
United States,2020-06-13,2068540,332915074,0.6213416458276684
United States,2020-06-14,2087632,332915074,0.6270764417233928
United States,2020-06-15,2108584,332915074,0.6333699386648981
United States,2020-06-16,2133253,332915074,0.640779936567246
United States,2020-06-17,2160271,332915074,0.6488955198225719
United States,2020-06-18,2188051,332915074,0.6572399902805243
United States,2020-06-19,2219623,332915074,0.6667234899672942
United States,2020-06-20,2251461,332915074,0.6762868899111489
United States,2020-06-21,2277376,332915074,0.6840711574387888
United States,2020-06-22,2306927,332915074,0.6929475953978581
United States,2020-06-23,2345253,332915074,0.7044598407100064
United States,2020-06-24,2381603,332915074,0.7153785412552391
United States,2020-06-25,2420710,332915074,0.7271253809312341
United States,2020-06-26,2470261,332915074,0.7420093570169791
United States,2020-06-27,2511529,332915074,0.7544053111875613
United States,2020-06-28,2553791,332915074,0.7670998400030393
United States,2020-06-29,2595451,332915074,0.7796135419209044
United States,2020-06-30,2644832,332915074,0.7944464539325726
United States,2020-07-01,2694334,332915074,0.8093157115499072
United States,2020-07-02,2748917,332915074,0.8257111842283237
United States,2020-07-03,2800908,332915074,0.841328079965523
United States,2020-07-04,2846857,332915074,0.8551300984346536
United States,2020-07-05,2900430,332915074,0.871222190437673
United States,2020-07-06,2943413,332915074,0.8841332910026176
United States,2020-07-07,2999974,332915074,0.9011229092017623
United States,2020-07-08,3061018,332915074,0.9194591170720013
United States,2020-07-09,3120403,332915074,0.9372969996546326
United States,2020-07-10,3189184,332915074,0.957957223649176
United States,2020-07-11,3249920,332915074,0.9762009154322644
United States,2020-07-12,3308741,332915074,0.9938693854397234
United States,2020-07-13,3369740,332915074,1.0121920763491772
United States,2020-07-14,3434801,332915074,1.031734898252159
United States,2020-07-15,3501136,332915074,1.0516604003338101
United States,2020-07-16,3571488,332915074,1.072792516448204
United States,2020-07-17,3638142,332915074,1.0928138387629753
United States,2020-07-18,3702858,332915074,1.112253030633272
United States,2020-07-19,3762022,332915074,1.1300245299196034
United States,2020-07-20,3823143,332915074,1.1483838668116302
United States,2020-07-21,3890313,332915074,1.1685601836100699
United States,2020-07-22,3958385,332915074,1.1890074403780226
United States,2020-07-23,4026355,332915074,1.2094240587015292
United States,2020-07-24,4101766,332915074,1.2320757815850658
United States,2020-07-25,4164593,332915074,1.250947561479298
United States,2020-07-26,4221301,332915074,1.2679813350836737
United States,2020-07-27,4281600,332915074,1.2860937621586939
United States,2020-07-28,4346567,332915074,1.3056083486324803
United States,2020-07-29,4411308,332915074,1.3250550499254352
United States,2020-07-30,4479012,332915074,1.3453917679918572
United States,2020-07-31,4544967,332915074,1.3652031268491014
United States,2020-08-01,4602692,332915074,1.3825423837672186
United States,2020-08-02,4650102,332915074,1.396783252896503
United States,2020-08-03,4690978,332915074,1.4090614593198023
United States,2020-08-04,4752738,332915074,1.4276127370549765
United States,2020-08-05,4807404,332915074,1.4440331410166185
United States,2020-08-06,4867037,332915074,1.4619455170720206
United States,2020-08-07,4928254,332915074,1.4803336901470554
United States,2020-08-08,4991983,332915074,1.4994764100108007
United States,2020-08-09,5046782,332915074,1.515936764100985
United States,2020-08-10,5098694,332915074,1.5315299300625842
United States,2020-08-11,5154938,332915074,1.5484243287824209
United States,2020-08-12,5210297,332915074,1.5650528939401527
United States,2020-08-13,5261629,332915074,1.5804718412960779
United States,2020-08-14,5332362,332915074,1.6017184010117849
United States,2020-08-15,5384106,332915074,1.61726110365312
United States,2020-08-16,5419424,332915074,1.6278698152310158
United States,2020-08-17,5457398,332915074,1.6392763278721345
United States,2020-08-18,5501519,332915074,1.6525292573564874
United States,2020-08-19,5548011,332915074,1.666494380485757
United States,2020-08-20,5592123,332915074,1.6797446065779529
United States,2020-08-21,5640833,332915074,1.6943759656854709
United States,2020-08-22,5685448,332915074,1.7077772813615524
United States,2020-08-23,5718419,332915074,1.7176810083402831
United States,2020-08-24,5752255,332915074,1.727844561342993
United States,2020-08-25,5794038,332915074,1.7403952096203368
United States,2020-08-26,5836653,332915074,1.753195771483751
United States,2020-08-27,5886699,332915074,1.768228434138131
United States,2020-08-28,5933622,332915074,1.7823230197140307
United States,2020-08-29,5976816,332915074,1.795297499806212
United States,2020-08-30,6010426,332915074,1.80539316762809
United States,2020-08-31,6044289,332915074,1.8155648308072707
United States,2020-09-01,6085897,332915074,1.8280629131260064
United States,2020-09-02,6126084,332915074,1.8401341598608418
United States,2020-09-03,6171310,332915074,1.8537190058266932
United States,2020-09-04,6219575,332915074,1.868216697210893
United States,2020-09-05,6262480,332915074,1.8811043683771436
United States,2020-09-06,6292669,332915074,1.8901724468024537
United States,2020-09-07,6317531,332915074,1.897640417447724
United States,2020-09-08,6343939,332915074,1.9055727707901866
United States,2020-09-09,6377204,332915074,1.9155648085793797
United States,2020-09-10,6416381,332915074,1.927332674638818
United States,2020-09-11,6461419,332915074,1.9408610497462786
United States,2020-09-12,6506731,332915074,1.9544717281260746
United States,2020-09-13,6546739,332915074,1.9664892073946763
United States,2020-09-14,6580182,332915074,1.9765347122731967
United States,2020-09-15,6616395,332915074,1.9874122611822618
United States,2020-09-16,6655364,332915074,1.9991176488451827
United States,2020-09-17,6699804,332915074,2.0124663985626556
United States,2020-09-18,6750978,332915074,2.0278378863673803
United States,2020-09-19,6795597,332915074,2.041240403551087
United States,2020-09-20,6838327,332915074,2.0540755087587295
United States,2020-09-21,6870629,332915074,2.0637782835871232
United States,2020-09-22,6907796,332915074,2.0749423920648304
United States,2020-09-23,6949657,332915074,2.0875164697408684
United States,2020-09-24,6998077,332915074,2.10206071954555
United States,2020-09-25,7045577,332915074,2.1163286225964044
United States,2020-09-26,7088604,332915074,2.1292529397452276
United States,2020-09-27,7123217,332915074,2.1396498856041584
United States,2020-09-28,7160863,332915074,2.15095787462
United States,2020-09-29,7202563,332915074,2.1634835916141184
United States,2020-09-30,7241377,332915074,2.1751424208565577
United States,2020-10-01,7287677,332915074,2.1890498716198112
United States,2020-10-02,7340929,332915074,2.2050455426358977
United States,2020-10-03,7390083,332915074,2.219810269089828
United States,2020-10-04,7423136,332915074,2.229738626974878
United States,2020-10-05,7460593,332915074,2.2409898447554224
United States,2020-10-06,7504833,332915074,2.254278519091629
United States,2020-10-07,7554192,332915074,2.2691048228113573
United States,2020-10-08,7611970,332915074,2.2864599997055106
United States,2020-10-09,7667253,332915074,2.3030657362183606
United States,2020-10-10,7722348,332915074,2.31961500187282
United States,2020-10-11,7768552,332915074,2.3334936164530657
United States,2020-10-12,7812355,332915074,2.3466510260812043
United States,2020-10-13,7861934,332915074,2.361543412720326
United States,2020-10-14,7919793,332915074,2.3789229201438924
United States,2020-10-15,7984031,332915074,2.3982185318529616
United States,2020-10-16,8053261,332915074,2.4190136250784486
United States,2020-10-17,8108117,332915074,2.4354911006522943
United States,2020-10-18,8160337,332915074,2.4511767827010438
United States,2020-10-19,8228972,332915074,2.4717931516672627
United States,2020-10-20,8290780,332915074,2.490358847493941
United States,2020-10-21,8351513,332915074,2.50860163814631
United States,2020-10-22,8430007,332915074,2.532179423032073
United States,2020-10-23,8512556,332915074,2.5569752362730203
United States,2020-10-24,8590017,332915074,2.5802427318145407
United States,2020-10-25,8651734,332915074,2.5987810933427427
United States,2020-10-26,8716706,332915074,2.6182971817010605
United States,2020-10-27,8793470,332915074,2.6413553145388664
United States,2020-10-28,8879278,332915074,2.6671300561175553
United States,2020-10-29,8970721,332915074,2.6945974215634343
United States,2020-10-30,9070691,332915074,2.724626100889622
United States,2020-10-31,9159352,332915074,2.751257817782081
United States,2020-11-01,9235625,332915074,2.774168465558877
United States,2020-11-02,9318468,332915074,2.799052589610286
United States,2020-11-03,9441997,332915074,2.8361578484727907
United States,2020-11-04,9542613,332915074,2.86638057128047
United States,2020-11-05,9670989,332915074,2.904941757007975
United States,2020-11-06,9795949,332915074,2.9424768552234437
United States,2020-11-07,9924412,332915074,2.9810641737417996
United States,2020-11-08,10042312,332915074,3.0164786109985515
United States,2020-11-09,10162875,332915074,3.0526929519568706
United States,2020-11-10,10298147,332915074,3.093325536830453
United States,2020-11-11,10444808,332915074,3.1373791142902707
United States,2020-11-12,10604099,332915074,3.1852264520770843
United States,2020-11-13,10782215,332915074,3.238728385125631
United States,2020-11-14,10947466,332915074,3.2883659692741944
United States,2020-11-15,11086405,332915074,3.3301000362633024
United States,2020-11-16,11242746,332915074,3.377061262176431
United States,2020-11-17,11405342,332915074,3.425901345638678
United States,2020-11-18,11577542,332915074,3.477626248909354
United States,2020-11-19,11769643,332915074,3.5353289529929786
United States,2020-11-20,11970588,332915074,3.5956881904362192
United States,2020-11-21,12151746,332915074,3.6501038700338335
United States,2020-11-22,12297797,332915074,3.6939742175807875
United States,2020-11-23,12480899,332915074,3.7489738298843145
United States,2020-11-24,12653529,332915074,3.8008278952247143
United States,2020-11-25,12833715,332915074,3.8549516084693725
United States,2020-11-26,12950314,332915074,3.8899752553709837
United States,2020-11-27,13163900,332915074,3.9541315572871896
United States,2020-11-28,13334220,332915074,4.005291751973958
United States,2020-11-29,13472227,332915074,4.046745867686364
United States,2020-11-30,13629601,332915074,4.094017382943735
United States,2020-12-01,13825568,332915074,4.152881344147246
United States,2020-12-02,14022676,332915074,4.2120880354008845
United States,2020-12-03,14242253,332915074,4.278043895362936
United States,2020-12-04,14476902,332915074,4.34852703605725
United States,2020-12-05,14700829,332915074,4.415789535561853
United States,2020-12-06,14879112,332915074,4.469341631553758
United States,2020-12-07,15075663,332915074,4.528381012870568
United States,2020-12-08,15300160,332915074,4.595814727211781
United States,2020-12-09,15520774,332915074,4.662082078025701
United States,2020-12-10,15754905,332915074,4.732409623482535
United States,2020-12-11,15995350,332915074,4.8046337487259585
United States,2020-12-12,16217789,332915074,4.871449287393938
United States,2020-12-13,16409623,332915074,4.9290717908435715
United States,2020-12-14,16621645,332915074,4.992758303278271
United States,2020-12-15,16844826,332915074,5.059796721610749
United States,2020-12-16,17081611,332915074,5.130921467376992
United States,2020-12-17,17320578,332915074,5.202701635552856
United States,2020-12-18,17571060,332915074,5.277940643805152
United States,2020-12-19,17769841,332915074,5.337649865623087
United States,2020-12-20,17963254,332915074,5.395746664207821
United States,2020-12-21,18164154,332915074,5.456092384690277
United States,2020-12-22,18367590,332915074,5.517199861007195
United States,2020-12-23,18590096,332915074,5.584035524927898
United States,2020-12-24,18801608,332915074,5.647568845140367
United States,2020-12-25,18922308,332915074,5.683824337734855
United States,2020-12-26,19149281,332915074,5.752001785296151
United States,2020-12-27,19285047,332915074,5.792782756361461
United States,2020-12-28,19458639,332915074,5.8449257842857545
United States,2020-12-29,19661212,332915074,5.905774035332506
United States,2020-12-30,19881108,332915074,5.971825715527678
United States,2020-12-31,20193116,332915074,6.065545713319067
United States,2021-01-01,20365498,332915074,6.117325285186697
United States,2021-01-02,20647872,332915074,6.20214391373579
United States,2021-01-03,20851879,332915074,6.263422905266223
United States,2021-01-04,21037385,332915074,6.319144623652577
United States,2021-01-05,21267189,332915074,6.388172438235705
United States,2021-01-06,21527392,332915074,6.466331410394472
United States,2021-01-07,21815244,332915074,6.552795503636462
United States,2021-01-08,22119734,332915074,6.644257267846034
United States,2021-01-09,22383172,332915074,6.723387959296791
United States,2021-01-10,22596099,332915074,6.787346312831723
United States,2021-01-11,22799718,332915074,6.8485087581225
United States,2021-01-12,23020187,332915074,6.914732554285001
United States,2021-01-13,23249965,332915074,6.983752559068562
United States,2021-01-14,23484399,332915074,7.054171118728016
United States,2021-01-15,23732309,332915074,7.128637557577222
United States,2021-01-16,23947842,332915074,7.193378693330059
United States,2021-01-17,24126372,332915074,7.2470049824178275
United States,2021-01-18,24267936,332915074,7.2895275387860625
United States,2021-01-19,24422409,332915074,7.33592766063816
United States,2021-01-20,24610939,332915074,7.392557718789266
United States,2021-01-21,24802282,332915074,7.4500327371778905
United States,2021-01-22,24995513,332915074,7.508074867165672
United States,2021-01-23,25173346,332915074,7.561491793549727
United States,2021-01-24,25314774,332915074,7.6039734986587
United States,2021-01-25,25444187,332915074,7.642846175238073
United States,2021-01-26,25594031,332915074,7.687855852390752
United States,2021-01-27,25750166,332915074,7.7347552006611755
United States,2021-01-28,25914764,332915074,7.784196638689902
United States,2021-01-29,26081757,332915074,7.834357479409299
United States,2021-01-30,26231469,332915074,7.879327506810341
United States,2021-01-31,26345296,332915074,7.913518508927596
United States,2021-02-01,26470178,332915074,7.95103017774437
United States,2021-02-02,26588024,332915074,7.98642839464818
United States,2021-02-03,26710895,332915074,8.023336005506316
United States,2021-02-04,26836200,332915074,8.06097473375447
United States,2021-02-05,26967760,332915074,8.100492319551742
United States,2021-02-06,27084103,332915074,8.135439069965333
United States,2021-02-07,27174579,332915074,8.162615970942788
United States,2021-02-08,27257345,332915074,8.18747696597241
United States,2021-02-09,27351509,332915074,8.215761656980423
United States,2021-02-10,27447495,332915074,8.244593634711777
United States,2021-02-11,27553504,332915074,8.276436290175313
United States,2021-02-12,27654421,332915074,8.306749426431798
United States,2021-02-13,27745338,332915074,8.334058793624948
United States,2021-02-14,27813735,332915074,8.354603672887459
United States,2021-02-15,27869458,332915074,8.371341575239095
United States,2021-02-16,27928481,332915074,8.389070721381634
United States,2021-02-17,27997153,332915074,8.409698204293386
United States,2021-02-18,28069321,332915074,8.431375804869683
United States,2021-02-19,28144832,332915074,8.454057565443852
United States,2021-02-20,28218611,332915074,8.476219073216253
United States,2021-02-21,28274145,332915074,8.492900204332592
United States,2021-02-22,28329485,332915074,8.509523062329103
United States,2021-02-23,28402719,332915074,8.531520864687552
United States,2021-02-24,28477483,332915074,8.55397824371269
United States,2021-02-25,28555081,332915074,8.577286890890377
United States,2021-02-26,28630970,332915074,8.600082193935142
United States,2021-02-27,28702225,332915074,8.621485550395954
United States,2021-02-28,28754251,332915074,8.637112959324876
United States,2021-03-01,28804778,332915074,8.652290103271202
United States,2021-03-02,28862287,332915074,8.669564478777552
United States,2021-03-03,28929624,332915074,8.689790958519348
United States,2021-03-04,28998508,332915074,8.710482121335245
United States,2021-03-05,29066634,332915074,8.73094559845614
United States,2021-03-06,29127774,332915074,8.749310642509386
United States,2021-03-07,29169916,332915074,8.761969126096105
United States,2021-03-08,29213289,332915074,8.77499737365452
United States,2021-03-09,29268772,332915074,8.791663185548636
United States,2021-03-10,29326296,332915074,8.80894206670858
United States,2021-03-11,29388227,332915074,8.827544708894736
United States,2021-03-12,29451289,332915074,8.846487077361958
United States,2021-03-13,29506687,332915074,8.863127357219035
United States,2021-03-14,29545311,332915074,8.874729114849272
United States,2021-03-15,29598464,332915074,8.890695048551631
United States,2021-03-16,29651960,332915074,8.906764011532863
United States,2021-03-17,29712008,332915074,8.924801044004393
United States,2021-03-18,29773649,332915074,8.943316576887714
United States,2021-03-19,29835358,332915074,8.961852535400665
United States,2021-03-20,29893515,332915074,8.979321555142318
United States,2021-03-21,29928135,332915074,8.989720603639594
United States,2021-03-22,29977207,332915074,9.004460699187204
United States,2021-03-23,30030377,332915074,9.020431739296972
United States,2021-03-24,30117851,332915074,9.046706908801612
United States,2021-03-25,30185868,332915074,9.067137644839717
United States,2021-03-26,30262061,332915074,9.090024262464006
United States,2021-03-27,30325405,332915074,9.109051337218812
United States,2021-03-28,30370903,332915074,9.122717885703187
United States,2021-03-29,30438300,332915074,9.142962388059365
United States,2021-03-30,30499665,332915074,9.161395016916536
United States,2021-03-31,30568648,332915074,9.18211591704616
United States,2021-04-01,30646071,332915074,9.205371998265239
United States,2021-04-02,30719073,332915074,9.227300113181418
United States,2021-04-03,30783119,332915074,9.246538052524471
United States,2021-04-04,30820475,332915074,9.257758932237476
United States,2021-04-05,30889905,332915074,9.27861410084423
United States,2021-04-06,30952452,332915074,9.297401775204687
United States,2021-04-07,31028139,332915074,9.320136402114372
United States,2021-04-08,31108596,332915074,9.344303826867268
United States,2021-04-09,31193040,332915074,9.369668854345719
United States,2021-04-10,31262867,332915074,9.390643272584287
United States,2021-04-11,31309652,332915074,9.404696406147114
United States,2021-04-12,31373267,332915074,9.423804883043536
United States,2021-04-13,31454491,332915074,9.44820269688359
United States,2021-04-14,31529515,332915074,9.470738173904374
United States,2021-04-15,31603638,332915074,9.493003011332554
United States,2021-04-16,31684316,332915074,9.51723681938175
United States,2021-04-17,31739185,332915074,9.533718199855377
United States,2021-04-18,31782462,332915074,9.546717611230784
United States,2021-04-19,31845352,332915074,9.565608314870117
United States,2021-04-20,31907487,332915074,9.584272233945166
United States,2021-04-21,31971734,332915074,9.603570549046392
United States,2021-04-22,32038635,332915074,9.623666064457028
United States,2021-04-23,32101826,332915074,9.642647181545165
United States,2021-04-24,32156116,332915074,9.658954643790025
United States,2021-04-25,32190257,332915074,9.669209811749168
United States,2021-04-26,32233389,332915074,9.682165668473155
United States,2021-04-27,32285739,332915074,9.697890399519729
United States,2021-04-28,32340884,332915074,9.714454684019506
United States,2021-04-29,32399748,332915074,9.732136070233937
United States,2021-04-30,32457749,332915074,9.749558231178202
United States,2021-05-01,32506012,332915074,9.76405532180859
United States,2021-05-02,32536080,332915074,9.773087054628233
United States,2021-05-03,32581953,332915074,9.786866244452481
United States,2021-05-04,32624518,332915074,9.799651787470578
United States,2021-05-05,32670296,332915074,9.813402441488726
United States,2021-05-06,32716895,332915074,9.827399704946973
United States,2021-05-07,32765073,332915074,9.841871263540321
United States,2021-05-08,32800228,332915074,9.852431013682486
United States,2021-05-09,32822719,332915074,9.85918679068284
United States,2021-05-10,32855909,332915074,9.869156300204057
United States,2021-05-11,32891112,332915074,9.879730468437725
United States,2021-05-12,32927034,332915074,9.890520607667048
United States,2021-05-13,32965921,332915074,9.902201364423648
United States,2021-05-14,33007968,332915074,9.914831312204266
United States,2021-05-15,33038365,332915074,9.923961869026094
United States,2021-05-16,33055796,332915074,9.929197738880397
United States,2021-05-17,33081615,332915074,9.936953170225028
United States,2021-05-18,33110400,332915074,9.945599519473847
United States,2021-05-19,33139901,332915074,9.9544609385876
United States,2021-05-20,33170000,332915074,9.96350198309134
United States,2021-05-21,33198690,332915074,9.972119796534056
United States,2021-05-22,33219635,332915074,9.978411190837216
United States,2021-05-23,33233165,332915074,9.982475290379913
United States,2021-05-24,33255420,332915074,9.989160178430371
United States,2021-05-25,33279944,332915074,9.9965266216813
United States,2021-05-26,33304465,332915074,10.00389216380151
United States,2021-05-27,33331301,332915074,10.011953078459884
United States,2021-05-28,33353531,332915074,10.018630457087683
United States,2021-05-29,33366680,332915074,10.022580113029067
United States,2021-05-30,33373866,332915074,10.024738621477981
United States,2021-05-31,33379943,332915074,10.026564011937772
United States,2021-06-01,33400920,332915074,10.032865018301935
United States,2021-06-02,33417618,332915074,10.037880711883897
United States,2021-06-03,33435987,332915074,10.043398335276342
United States,2021-06-04,33453795,332915074,10.048747447224333
United States,2021-06-05,33469241,332915074,10.053387068919564
United States,2021-06-06,33475163,332915074,10.055165900958873
United States,2021-06-07,33489322,332915074,10.059418937575654
United States,2021-06-08,33502267,332915074,10.063307316628144
United States,2021-06-09,33520809,332915074,10.068876905225386
United States,2021-06-10,33535737,332915074,10.073360931683135
United States,2021-06-11,33560738,332915074,10.080870654718387
United States,2021-06-12,33569781,332915074,10.083586963082363
United States,2021-06-13,33574965,332915074,10.085144116964797
United States,2021-06-14,33586507,332915074,10.088611067217702
United States,2021-06-15,33597372,332915074,10.091874662305019
United States,2021-06-16,33609245,332915074,10.095441037313918
United States,2021-06-17,33620842,332915074,10.09892450829667
United States,2021-06-18,33642123,332915074,10.10531682924036
United States,2021-06-19,33651054,332915074,10.107999495390828
United States,2021-06-20,33655893,332915074,10.109453019240576
United States,2021-06-21,33666560,332915074,10.112657139700438
United States,2021-06-22,33677240,332915074,10.115865165060084
United States,2021-06-23,33689860,332915074,10.119655921618016
United States,2021-06-24,33704175,332915074,10.123955817032183
United States,2021-06-25,33728563,332915074,10.131281409023853
United States,2021-06-26,33737878,332915074,10.134079419906351
United States,2021-06-27,33742402,332915074,10.135438325030604
United States,2021-06-28,33756057,332915074,10.139539971686592
United States,2021-06-29,33763067,332915074,10.141645613799993
United States,2021-06-30,33778247,332915074,10.14620533523814
United States,2021-07-01,33793253,332915074,10.150712791094584
United States,2021-07-02,33822945,332915074,10.159631582197447
United States,2021-07-03,33828095,332915074,10.161178523265066
United States,2021-07-04,33832193,332915074,10.16240946782722
United States,2021-07-05,33840906,332915074,10.165026651812108
United States,2021-07-06,33863656,332915074,10.171860226431201
United States,2021-07-07,33883745,332915074,10.177894498102539
United States,2021-07-08,33904528,332915074,10.184137231346876
United States,2021-07-09,33952105,332915074,10.198428263419517
United States,2021-07-10,33961833,332915074,10.201350329964331
United States,2021-07-11,33973356,332915074,10.204811573056016
United States,2021-07-12,34003374,332915074,10.213828287030344
United States,2021-07-13,34029692,332915074,10.221733606451236
United States,2021-07-14,34060919,332915074,10.231113476105321
United States,2021-07-15,34092680,332915074,10.240653747027388
United States,2021-07-16,34170010,332915074,10.263881893194178
United States,2021-07-17,34183504,332915074,10.267935179168246
United States,2021-07-18,34204092,332915074,10.274119338915847
United States,2021-07-19,34253872,332915074,10.289072101313142
United States,2021-07-20,34293255,332915074,10.300901845015284
United States,2021-07-21,34340847,332915074,10.315197382741522
United States,2021-07-22,34397239,332915074,10.332136237243496
United States,2021-07-23,34518006,332915074,10.368411855090708
United States,2021-07-24,34545501,332915074,10.376670718130354
United States,2021-07-25,34572595,332915074,10.384809130030561
United States,2021-07-26,34653424,332915074,10.409088294992614
United States,2021-07-27,34718237,332915074,10.428556623422827
United States,2021-07-28,34791377,332915074,10.450526190352077
United States,2021-07-29,34864204,332915074,10.472401739309648
United States,2021-07-30,35054777,332915074,10.529645467480394
United States,2021-07-31,35096687,332915074,10.542234263624843
United States,2021-08-01,35139562,332915074,10.555112923483904
United States,2021-08-02,35251961,332915074,10.588874987378913
United States,2021-08-03,35348677,332915074,10.61792624025189
United States,2021-08-04,35451639,332915074,10.648853647281829
United States,2021-08-05,35560726,332915074,10.681620862863062
United States,2021-08-06,35812013,332915074,10.757101674524957
United States,2021-08-07,35872464,332915074,10.775259758889739
United States,2021-08-08,35905164,332915074,10.785082083726854
United States,2021-08-09,36070601,332915074,10.834775537979995
United States,2021-08-10,36187792,332915074,10.869977008010157
United States,2021-08-11,36340762,332915074,10.915925663372034
United States,2021-08-12,36485709,332915074,10.959464394814395
United States,2021-08-13,36711656,332915074,11.027333655669795
United States,2021-08-14,36779905,332915074,11.047834079150167
United States,2021-08-15,36823940,332915074,11.061061176220575
United States,2021-08-16,37027739,332915074,11.122277689354492
United States,2021-08-17,37176544,332915074,11.16697527490149
United States,2021-08-18,37343109,332915074,11.217007554304976
United States,2021-08-19,37497484,332915074,11.263378239220252
United States,2021-08-20,37737489,332915074,11.33547019862489
United States,2021-08-21,37819981,332915074,11.360248890382175
United States,2021-08-22,37860130,332915074,11.372308722794571
United States,2021-08-23,38083152,332915074,11.439299381198943
United States,2021-08-24,38238211,332915074,11.485875523918152
United States,2021-08-25,38410629,332915074,11.537665909354407
United States,2021-08-26,38598281,332915074,11.594032236581754
United States,2021-08-27,38836736,332915074,11.665658611781573
United States,2021-08-28,38909613,332915074,11.687549179584462
United States,2021-08-29,38955219,332915074,11.70124816877472
United States,2021-08-30,39194731,332915074,11.773192042364535
United States,2021-08-31,39374977,332915074,11.827333778223572
United States,2021-09-01,39571610,332915074,11.8863977904467
United States,2021-09-02,39747450,332915074,11.939216065656433
United States,2021-09-03,39984752,332915074,12.01049610628325
United States,2021-09-04,40061867,332915074,12.033659671415178
United States,2021-09-05,40114087,332915074,12.049345353463929
United States,2021-09-06,40194612,332915074,12.073533203846457
United States,2021-09-07,40436840,332915074,12.146292901113874
United States,2021-09-08,40614741,332915074,12.199730253127559
United States,2021-09-09,40780152,332915074,12.249415897581136
United States,2021-09-10,41012419,332915074,12.31918354048456
United States,2021-09-11,41090525,332915074,12.342644779130667
United States,2021-09-12,41135436,332915074,12.356135006371025
United States,2021-09-13,41370647,332915074,12.426786958886698
United States,2021-09-14,41513295,332915074,12.469635123821398
United States,2021-09-15,41689614,332915074,12.522597279569265
United States,2021-09-16,41846536,332915074,12.569733024464972
United States,2021-09-17,42057115,332915074,12.632986093023831
United States,2021-09-18,42128416,332915074,12.654403266822337
United States,2021-09-19,42171585,332915074,12.667370237491859
United States,2021-09-20,42350843,332915074,12.721215200967439
United States,2021-09-21,42467887,332915074,12.756372515592371
United States,2021-09-22,42604470,332915074,12.797398894590156
United States,2021-09-23,42732029,332915074,12.835714672385187
United States,2021-09-24,42908563,332915074,12.888741409167913
United States,2021-09-25,42967537,332915074,12.90645583684204
United States,2021-09-26,43019778,332915074,12.922147826805825
United States,2021-09-27,43179527,332915074,12.970132737215739
United States,2021-09-28,43292227,332915074,13.003985214559554
United States,2021-09-29,43413166,332915074,13.040312497234655
United States,2021-09-30,43524493,332915074,13.073752557086074
United States,2021-10-01,43679091,332915074,13.120190226051465
United States,2021-10-02,43726083,332915074,13.1343055376339
United States,2021-10-03,43769674,332915074,13.147399267357896
United States,2021-10-04,43915121,332915074,13.191088187253424
United States,2021-10-05,44010481,332915074,13.219732129041414
United States,2021-10-06,44123451,332915074,13.253665708149942
United States,2021-10-07,44224899,332915074,13.284138344543688
United States,2021-10-08,44356613,332915074,13.323702188384537
United States,2021-10-09,44394308,332915074,13.335024895868788
United States,2021-10-10,44433210,332915074,13.346710158278984
United States,2021-10-11,44530688,332915074,13.37599029835459
United States,2021-10-12,44641818,332915074,13.409371183955463
United States,2021-10-13,44750658,332915074,13.442064206440829
United States,2021-10-14,44837632,332915074,13.468189187492301
United States,2021-10-15,44947465,332915074,13.501180484245662
United States,2021-10-16,44986694,332915074,13.512963969904229
United States,2021-10-17,45017766,332915074,13.522297281137833
United States,2021-10-18,45117779,332915074,13.55233887667099
United States,2021-10-19,45199050,332915074,13.576750808225643
United States,2021-10-20,45290982,332915074,13.60436505797872
United States,2021-10-21,45368889,332915074,13.627766521620465
United States,2021-10-22,45465260,332915074,13.656714144460757
United States,2021-10-23,45497086,332915074,13.666273939881737
United States,2021-10-24,45515647,332915074,13.671849235640199
United States,2021-10-25,45626758,332915074,13.70522441407985
United States,2021-10-26,45695968,332915074,13.726013499767213
United States,2021-10-27,45798333,332915074,13.756761581784069
United States,2021-10-28,45874077,332915074,13.779513330177412
United States,2021-10-29,45969194,332915074,13.808084280377164
United States,2021-10-30,46003049,332915074,13.818253540541093
United States,2021-10-31,46035068,332915074,13.827871308704994
United States,2021-11-01,46146530,332915074,13.86135191943877
United States,2021-11-02,46217480,332915074,13.882663660943152
United States,2021-11-03,46302821,332915074,13.908298126506583
United States,2021-11-04,46384543,332915074,13.93284552804599
United States,2021-11-05,46481223,332915074,13.96188596735034
United States,2021-11-06,46515826,332915074,13.972279909440207
United States,2021-11-07,46552128,332915074,13.983184191893935
United States,2021-11-08,46661152,332915074,14.01593248373007
United States,2021-11-09,46741107,332915074,14.039949119275988
United States,2021-11-10,46836809,332915074,14.068695789965943
United States,2021-11-11,46893472,332915074,14.085716046609534
United States,2021-11-12,47038285,332915074,14.129214527546447
United States,2021-11-13,47081781,332915074,14.142279721464341
United States,2021-11-14,47112992,332915074,14.151654785087922
United States,2021-11-15,47247803,332915074,14.192148896207685
United States,2021-11-16,47334859,332915074,14.218298508165478
United States,2021-11-17,47447539,332915074,14.252144977971168
United States,2021-11-18,47557716,332915074,14.285239604380306
United States,2021-11-19,47684625,332915074,14.323360137186219
United States,2021-11-20,47729417,332915074,14.336814619574719
United States,2021-11-21,47768646,332915074,14.348598105233288
United States,2021-11-22,47914293,332915074,14.392347100510083
United States,2021-11-23,48005572,332915074,14.419765204143326
United States,2021-11-24,48117103,332915074,14.453266540883636
United States,2021-11-25,48156156,332915074,14.46499716020669
United States,2021-11-26,48208849,332915074,14.480824920532134
United States,2021-11-27,48234842,332915074,14.48863261745847
United States,2021-11-28,48277339,332915074,14.501397734846936
United States,2021-11-29,48465057,332915074,14.557783886950098
United States,2021-11-30,48582372,332915074,14.593022603716646
United States,2021-12-01,48719331,332915074,14.634161924431213
United States,2021-12-02,48858540,332915074,14.675977093185033
United States,2021-12-03,49017158,332915074,14.723622277313883
United States,2021-12-04,49082738,332915074,14.743320994831253
United States,2021-12-05,49136990,332915074,14.759617042753673
United States,2021-12-06,49316462,332915074,14.813526286887207
United States,2021-12-07,49429681,332915074,14.847534659845413
United States,2021-12-08,49579331,332915074,14.89248606387826
United States,2021-12-09,49701766,332915074,14.929262710405236
United States,2021-12-10,49862433,332915074,14.977523366815165
United States,2021-12-11,49918260,332915074,14.994292508365062
United States,2021-12-12,49969568,332915074,15.009704246675234
United States,2021-12-13,50156641,332915074,15.065896655673813
United States,2021-12-14,50271439,332915074,15.100379323767118
United States,2021-12-15,50414975,332915074,15.143494223394644
United States,2021-12-16,50556552,332915074,15.18602068466266
United States,2021-12-17,50749283,332915074,15.243912626197275
United States,2021-12-18,50827027,332915074,15.267265128403288
United States,2021-12-19,50914849,332915074,15.293644829071331
United States,2021-12-20,51157340,332915074,15.366483525465116
United States,2021-12-21,51335881,332915074,15.420113118698856
United States,2021-12-22,51576849,332915074,15.492494341064292
United States,2021-12-23,51846726,332915074,15.573559159414932
United States,2021-12-24,52080178,332915074,15.643682748952365
United States,2021-12-25,52153118,332915074,15.66559224050035
United States,2021-12-26,52348875,332915074,15.724393122553531
United States,2021-12-27,52857588,332915074,15.877198759705305
United States,2021-12-28,53213685,332915074,15.984162074920045
United States,2021-12-29,53712147,332915074,16.13388854840499
United States,2021-12-30,54300536,332915074,16.310627015945816
United States,2021-12-31,54790416,332915074,16.457775654820605
United States,2022-01-01,54957050,332915074,16.50782866023063
United States,2022-01-02,55261462,332915074,16.599266995041503
United States,2022-01-03,56337901,332915074,16.922604411718527
United States,2022-01-04,57143617,332915074,17.16462289118215
United States,2022-01-05,57788386,332915074,17.358296608702073
United States,2022-01-06,58603042,332915074,17.603000457708323
United States,2022-01-07,59459547,332915074,17.860274779867733
United States,2022-01-08,59845540,332915074,17.976218163074225
United States,2022-01-09,60322041,332915074,18.119348059319176
United States,2022-01-10,61690604,332915074,18.530432779382046
United States,2022-01-11,62459938,332915074,18.761522946239438
United States,2022-01-12,63368974,332915074,19.03457636766547
United States,2022-01-13,64209019,332915074,19.286906485946623
United States,2022-01-14,65068089,332915074,19.54495127487078
United States,2022-01-15,65462158,332915074,19.663320501972827
United States,2022-01-16,65930308,332915074,19.803941950672982
United States,2022-01-17,66592016,332915074,20.002703752609293
United States,2022-01-18,67705084,332915074,20.337043674988415
United States,2022-01-19,68703526,332915074,20.636952594102123
United States,2022-01-20,69414259,332915074,20.850440373871447
United States,2022-01-21,70236929,332915074,21.097551443405052
United States,2022-01-22,70523488,332915074,21.183627149307153
United States,2022-01-23,70879749,332915074,21.290639726334533
United States,2022-01-24,71782750,332915074,21.561880373130837
United States,2022-01-25,72337681,332915074,21.728568830139544
United States,2022-01-26,72989338,332915074,21.924311543790296
United States,2022-01-27,73477540,332915074,22.070956150216254
United States,2022-01-28,74078847,332915074,22.2515748866331
United States,2022-01-29,74248282,332915074,22.302469247757763
United States,2022-01-30,74441193,332915074,22.360415257135518
United States,2022-01-31,74972286,332915074,22.519943329451042
United States,2022-02-01,75386697,332915074,22.644422823581728
United States,2022-02-02,75713722,332915074,22.74265358137553
United States,2022-02-03,75966913,332915074,22.818706310667086
United States,2022-02-04,76337882,332915074,22.93013683123282
United States,2022-02-05,76442368,332915074,22.961522012668013
United States,2022-02-06,76522879,332915074,22.98570565777385
United States,2022-02-07,76861658,332915074,23.0874670457247
United States,2022-02-08,77083020,332915074,23.15395907846456
United States,2022-02-09,77270319,332915074,23.210219372643966
United States,2022-02-10,77441181,332915074,23.26154237161397
United States,2022-02-11,77650446,332915074,23.324400744917906
United States,2022-02-12,77705598,332915074,23.340967132056026
United States,2022-02-13,77762374,332915074,23.358021331290033
United States,2022-02-14,77925899,332915074,23.407140464898262
United States,2022-02-15,78036352,332915074,23.440317995333547
